Domain,Unique Identifier,Name,Code,Last Change Date
Country(CountryCode),40,Ascension Island,AC,7/1/2019 12:00:00 AM
Country(CountryCode),41,Andorra,AD,7/1/2019 12:00:00 AM
Country(CountryCode),42,United Arab Emirates,AE,7/1/2019 12:00:00 AM
Country(CountryCode),43,Afghanistan,AF,7/1/2019 12:00:00 AM
Country(CountryCode),44,Antigua And Barbuda,AG,7/1/2019 12:00:00 AM
Country(CountryCode),45,Anguilla,AI,7/1/2019 12:00:00 AM
Country(CountryCode),46,Albania,AL,7/1/2019 12:00:00 AM
Country(CountryCode),47,Armenia,AM,7/1/2019 12:00:00 AM
Country(CountryCode),48,Netherlands Antilles,AN,7/1/2019 12:00:00 AM
Country(CountryCode),49,Angola,AO,7/1/2019 12:00:00 AM
Country(CountryCode),50,Antarctica,AQ,7/1/2019 12:00:00 AM
Country(CountryCode),51,Argentina,AR,7/1/2019 12:00:00 AM
Country(CountryCode),7,American Samoa,AS,7/27/2009 9:20:09 AM
Country(CountryCode),52,Austria,AT,7/1/2019 12:00:00 AM
Country(CountryCode),20,Australia,AU,5/16/2016 12:20:53 PM
Country(CountryCode),53,Aruba,AW,7/1/2019 12:00:00 AM
Country(CountryCode),54,Aland,AX,11/22/2019 1:54:09 PM
Country(CountryCode),55,Azerbaijan,AZ,7/1/2019 12:00:00 AM
Country(CountryCode),56,Bosnia And Herzegovina,BA,7/1/2019 12:00:00 AM
Country(CountryCode),57,Barbados,BB,7/1/2019 12:00:00 AM
Country(CountryCode),59,Bangladesh,BD,7/1/2019 12:00:00 AM
Country(CountryCode),58,Belgium,BE,7/1/2019 12:00:00 AM
Country(CountryCode),60,Burkina Faso,BF,7/1/2019 12:00:00 AM
Country(CountryCode),61,Bahrain,BH,7/1/2019 12:00:00 AM
Country(CountryCode),62,Burundi,BI,7/1/2019 12:00:00 AM
Country(CountryCode),63,Benin,BJ,7/1/2019 12:00:00 AM
Country(CountryCode),64,Bermuda,BM,7/1/2019 12:00:00 AM
Country(CountryCode),65,Brunei Darussalam,BN,7/1/2019 12:00:00 AM
Country(CountryCode),66,Bolivia,BO,7/1/2019 12:00:00 AM
Country(CountryCode),67,Brazil,BR,7/1/2019 12:00:00 AM
Country(CountryCode),68,Bahamas,BS,7/1/2019 12:00:00 AM
Country(CountryCode),69,Bhutan,BT,7/1/2019 12:00:00 AM
Country(CountryCode),21,Bulgaria,BU,5/16/2016 12:24:38 PM
Country(CountryCode),70,Bouvet Island,BV,7/1/2019 12:00:00 AM
Country(CountryCode),71,Botswana,BW,7/1/2019 12:00:00 AM
Country(CountryCode),72,Belarus,BY,7/1/2019 12:00:00 AM
Country(CountryCode),73,Belize,BZ,7/1/2019 12:00:00 AM
Country(CountryCode),2,Canada,CA,1/4/2017 8:03:06 AM
Country(CountryCode),74,Cocos (Keeling) Islands,CC,7/1/2019 12:00:00 AM
Country(CountryCode),75,Congo (Democratic Republic),CD,7/1/2019 12:00:00 AM
Country(CountryCode),76,Central African Republic,CF,7/1/2019 12:00:00 AM
Country(CountryCode),77,Congo (Republic),CG,7/1/2019 12:00:00 AM
Country(CountryCode),78,Switzerland,CH,7/1/2019 12:00:00 AM
Country(CountryCode),79,Cote D'Ivoire,CI,11/22/2019 1:54:09 PM
Country(CountryCode),80,Cook Islands,CK,7/1/2019 12:00:00 AM
Country(CountryCode),81,Chile,CL,7/1/2019 12:00:00 AM
Country(CountryCode),82,Cameroon,CM,7/1/2019 12:00:00 AM
Country(CountryCode),29,China (People's Republic of),CN,11/22/2019 1:54:09 PM
Country(CountryCode),84,Colombia,CO,7/1/2019 12:00:00 AM
Country(CountryCode),22,Costa Rica,CR,5/16/2016 12:26:05 PM
Country(CountryCode),311,Caspian Sea,CS,6/20/2024 11:34:19 AM
Country(CountryCode),85,Cuba,CU,7/1/2019 12:00:00 AM
Country(CountryCode),86,Cape Verde,CV,7/1/2019 12:00:00 AM
Country(CountryCode),87,Christmas Island,CX,7/1/2019 12:00:00 AM
Country(CountryCode),88,Cyprus,CY,7/1/2019 12:00:00 AM
Country(CountryCode),89,Czech Republic,CZ,7/1/2019 12:00:00 AM
Country(CountryCode),90,Germany,DE,7/1/2019 12:00:00 AM
Country(CountryCode),91,Djibouti,DJ,7/1/2019 12:00:00 AM
Country(CountryCode),30,Denmark,DK,7/26/2017 12:42:04 PM
Country(CountryCode),92,Dominica,DM,7/1/2019 12:00:00 AM
Country(CountryCode),93,Dominican Republic,DO,7/1/2019 12:00:00 AM
Country(CountryCode),94,Algeria,DZ,7/1/2019 12:00:00 AM
Country(CountryCode),95,Ecuador,EC,7/1/2019 12:00:00 AM
Country(CountryCode),96,Estonia,EE,7/1/2019 12:00:00 AM
Country(CountryCode),97,Egypt,EG,7/1/2019 12:00:00 AM
Country(CountryCode),15,Gulf of Mexico,EM,7/27/2023 12:00:00 AM
Country(CountryCode),23,England,EN,5/16/2016 12:27:31 PM
Country(CountryCode),98,Eritrea,ER,7/1/2019 12:00:00 AM
Country(CountryCode),99,Spain,ES,7/1/2019 12:00:00 AM
Country(CountryCode),100,Ethiopia,ET,7/1/2019 12:00:00 AM
Country(CountryCode),101,European Union,EU,7/1/2019 12:00:00 AM
Country(CountryCode),271,Gulf of Guinea,FG,5/20/2023 12:00:00 AM
Country(CountryCode),24,Finland,FI,5/16/2016 12:28:19 PM
Country(CountryCode),102,Fiji,FJ,7/1/2019 12:00:00 AM
Country(CountryCode),103,Falkland Islands (Malvinas),FK,7/1/2019 12:00:00 AM
Country(CountryCode),104,"Micronesia, Federated States Of",FM,7/1/2019 12:00:00 AM
Country(CountryCode),105,Faroe Islands,FO,7/1/2019 12:00:00 AM
Country(CountryCode),106,France,FR,7/1/2019 12:00:00 AM
Country(CountryCode),107,Gabon,GA,7/1/2019 12:00:00 AM
Country(CountryCode),108,United Kingdom (see also UK),GB,7/1/2019 12:00:00 AM
Country(CountryCode),109,Grenada,GD,7/1/2019 12:00:00 AM
Country(CountryCode),110,Georgia,GE,7/1/2019 12:00:00 AM
Country(CountryCode),111,French Guiana,GF,7/1/2019 12:00:00 AM
Country(CountryCode),112,Guernsey,GG,7/1/2019 12:00:00 AM
Country(CountryCode),113,Ghana,GH,7/1/2019 12:00:00 AM
Country(CountryCode),114,Gibraltar,GI,7/1/2019 12:00:00 AM
Country(CountryCode),115,Greenland,GL,7/1/2019 12:00:00 AM
Country(CountryCode),116,Gambia,GM,7/1/2019 12:00:00 AM
Country(CountryCode),117,Guinea,GN,7/1/2019 12:00:00 AM
Country(CountryCode),118,Guadeloupe,GP,7/1/2019 12:00:00 AM
Country(CountryCode),119,Equatorial Guinea,GQ,7/1/2019 12:00:00 AM
Country(CountryCode),120,Greece,GR,7/1/2019 12:00:00 AM
Country(CountryCode),121,SouthGeorgia TheSouthSandwichIsland,GS,7/1/2019 12:00:00 AM
Country(CountryCode),122,Guatemala,GT,7/1/2019 12:00:00 AM
Country(CountryCode),123,Guam,GU,7/1/2019 12:00:00 AM
Country(CountryCode),124,Guinea-Bissau,GW,7/1/2019 12:00:00 AM
Country(CountryCode),125,Guyana,GY,7/1/2019 12:00:00 AM
Country(CountryCode),126,Hong Kong,HK,7/1/2019 12:00:00 AM
Country(CountryCode),127,Heard And Mc Donald Islands,HM,7/1/2019 12:00:00 AM
Country(CountryCode),128,Honduras,HN,7/1/2019 12:00:00 AM
Country(CountryCode),129,Croatia (local name: Hrvatska),HR,7/1/2019 12:00:00 AM
Country(CountryCode),130,Haiti,HT,7/1/2019 12:00:00 AM
Country(CountryCode),131,Hungary,HU,7/1/2019 12:00:00 AM
Country(CountryCode),132,Indonesia,ID,7/1/2019 12:00:00 AM
Country(CountryCode),25,Ireland,IE,5/16/2016 12:29:37 PM
Country(CountryCode),317,Issyk Kul,IK,6/20/2024 11:34:20 AM
Country(CountryCode),133,Israel,IL,7/1/2019 12:00:00 AM
Country(CountryCode),134,Isle of Man,IM,7/1/2019 12:00:00 AM
Country(CountryCode),19,India,IN,2/18/2011 12:36:14 PM
Country(CountryCode),135,British Indian Ocean Territory,IO,7/1/2019 12:00:00 AM
Country(CountryCode),136,Iraq,IQ,7/1/2019 12:00:00 AM
Country(CountryCode),137,Iran (Islamic Republic Of),IR,7/1/2019 12:00:00 AM
Country(CountryCode),138,Iceland,IS,7/1/2019 12:00:00 AM
Country(CountryCode),31,Italy,IT,7/26/2017 12:42:04 PM
Country(CountryCode),312,Great Bear Lake,JB,6/20/2024 11:34:20 AM
Country(CountryCode),139,Jersey,JE,7/1/2019 12:00:00 AM
Country(CountryCode),140,Jamaica,JM,7/1/2019 12:00:00 AM
Country(CountryCode),141,Jordan,JO,7/1/2019 12:00:00 AM
Country(CountryCode),142,Japan,JP,7/1/2019 12:00:00 AM
Country(CountryCode),320,Great Slave Lake,JS,6/20/2024 11:34:20 AM
Country(CountryCode),321,Lake Turkana,JT,6/20/2024 11:34:20 AM
Country(CountryCode),143,Kenya,KE,7/1/2019 12:00:00 AM
Country(CountryCode),144,Kyrgyzstan,KG,7/1/2019 12:00:00 AM
Country(CountryCode),145,Cambodia,KH,7/1/2019 12:00:00 AM
Country(CountryCode),146,Kiribati,KI,7/1/2019 12:00:00 AM
Country(CountryCode),147,Comoros,KM,7/1/2019 12:00:00 AM
Country(CountryCode),148,Saint Kitts And Nevis,KN,7/1/2019 12:00:00 AM
Country(CountryCode),149,"Korea, Republic Of",KR,7/1/2019 12:00:00 AM
Country(CountryCode),27,South Korea,KS,5/16/2016 12:35:22 PM
Country(CountryCode),150,Kuwait,KW,7/1/2019 12:00:00 AM
Country(CountryCode),151,Cayman Islands,KY,7/1/2019 12:00:00 AM
Country(CountryCode),152,Kazakhstan,KZ,7/1/2019 12:00:00 AM
Country(CountryCode),153,Lao People's Democratic Republic,LA,11/22/2019 1:54:09 PM
Country(CountryCode),154,Lebanon,LB,7/1/2019 12:00:00 AM
Country(CountryCode),155,Saint Lucia,LC,7/1/2019 12:00:00 AM
Country(CountryCode),304,Lake Erie,LE,6/20/2024 11:34:19 AM
Country(CountryCode),305,Lake Huron,LH,6/20/2024 11:34:19 AM
Country(CountryCode),156,Liechtenstein,LI,7/1/2019 12:00:00 AM
Country(CountryCode),157,Sri Lanka,LK,7/1/2019 12:00:00 AM
Country(CountryCode),322,Lake Ladoga,LL,6/20/2024 11:34:20 AM
Country(CountryCode),324,Lake Malawi,LM,6/20/2024 11:34:20 AM
Country(CountryCode),318,Lake Onega,LO,6/20/2024 11:34:20 AM
Country(CountryCode),158,Liberia,LR,7/1/2019 12:00:00 AM
Country(CountryCode),159,Lesotho,LS,7/1/2019 12:00:00 AM
Country(CountryCode),160,Lithuania,LT,7/1/2019 12:00:00 AM
Country(CountryCode),161,Luxembourg,LU,7/1/2019 12:00:00 AM
Country(CountryCode),162,Latvia,LV,7/1/2019 12:00:00 AM
Country(CountryCode),163,Libyan Arab Jamahiriya,LY,7/1/2019 12:00:00 AM
Country(CountryCode),164,Morocco,MA,7/1/2019 12:00:00 AM
Country(CountryCode),165,Monaco,MC,7/1/2019 12:00:00 AM
Country(CountryCode),166,"Moldova, Republic Of",MD,7/1/2019 12:00:00 AM
Country(CountryCode),167,Montenegro,ME,7/1/2019 12:00:00 AM
Country(CountryCode),168,Madagascar,MG,7/1/2019 12:00:00 AM
Country(CountryCode),169,Marshall Islands,MH,7/1/2019 12:00:00 AM
Country(CountryCode),170,"Macedonia, Former Yugoslav Republic",MK,7/1/2019 12:00:00 AM
Country(CountryCode),171,Mali,ML,7/1/2019 12:00:00 AM
Country(CountryCode),172,Myanmar,MM,7/1/2019 12:00:00 AM
Country(CountryCode),173,Mongolia,MN,7/1/2019 12:00:00 AM
Country(CountryCode),174,Macau,MO,7/1/2019 12:00:00 AM
Country(CountryCode),175,Northern Mariana Islands,MP,7/1/2019 12:00:00 AM
Country(CountryCode),176,Martinique,MQ,7/1/2019 12:00:00 AM
Country(CountryCode),177,Mauritania,MR,7/1/2019 12:00:00 AM
Country(CountryCode),178,Montserrat,MS,7/1/2019 12:00:00 AM
Country(CountryCode),179,Malta,MT,7/1/2019 12:00:00 AM
Country(CountryCode),180,Mauritius,MU,7/1/2019 12:00:00 AM
Country(CountryCode),181,Maldives,MV,7/1/2019 12:00:00 AM
Country(CountryCode),182,Malawi,MW,7/1/2019 12:00:00 AM
Country(CountryCode),3,Mexico,MX,7/26/2006 10:57:47 AM
Country(CountryCode),183,Malaysia,MY,7/1/2019 12:00:00 AM
Country(CountryCode),184,Mozambique,MZ,7/1/2019 12:00:00 AM
Country(CountryCode),185,Namibia,NA,7/1/2019 12:00:00 AM
Country(CountryCode),186,New Caledonia,NC,7/1/2019 12:00:00 AM
Country(CountryCode),187,Niger,NE,7/1/2019 12:00:00 AM
Country(CountryCode),188,Norfolk Island,NF,7/1/2019 12:00:00 AM
Country(CountryCode),189,Nigeria,NG,7/1/2019 12:00:00 AM
Country(CountryCode),17,Nicaragua,NI,7/27/2009 12:36:14 PM
Country(CountryCode),190,Netherlands,NL,7/1/2019 12:00:00 AM
Country(CountryCode),191,Norway,NO,7/1/2019 12:00:00 AM
Country(CountryCode),192,Nepal,NP,7/1/2019 12:00:00 AM
Country(CountryCode),193,Nauru,NR,7/1/2019 12:00:00 AM
Country(CountryCode),194,Niue,NU,7/1/2019 12:00:00 AM
Country(CountryCode),195,New Zealand,NZ,7/1/2019 12:00:00 AM
Country(CountryCode),12,Atlantic Ocean ,OA,7/27/2023 12:00:00 AM
Country(CountryCode),13,Indian Ocean ,OI,7/27/2023 12:00:00 AM
Country(CountryCode),196,Oman,OM,7/1/2019 12:00:00 AM
Country(CountryCode),11,Pacific Ocean ,OP,7/27/2023 12:00:00 AM
Country(CountryCode),14,Arctic Ocean,OR,7/27/2023 12:00:00 AM
Country(CountryCode),32,Southern Ocean (or Antarctic),OS,7/15/2023 12:00:00 AM
Country(CountryCode),26,Peru,P,5/16/2016 12:33:37 PM
Country(CountryCode),197,Panama,PA,7/1/2019 12:00:00 AM
Country(CountryCode),198,French Polynesia,PF,7/1/2019 12:00:00 AM
Country(CountryCode),199,Papua New Guinea,PG,7/1/2019 12:00:00 AM
Country(CountryCode),200,"Philippines, Republic of the",PH,7/1/2019 12:00:00 AM
Country(CountryCode),201,Pakistan,PK,7/1/2019 12:00:00 AM
Country(CountryCode),202,Poland,PL,7/1/2019 12:00:00 AM
Country(CountryCode),203,St. Pierre And Miquelon,PM,7/1/2019 12:00:00 AM
Country(CountryCode),204,Pitcairn,PN,7/1/2019 12:00:00 AM
Country(CountryCode),4,Puerto Rico,PR,7/27/2009 9:19:05 AM
Country(CountryCode),205,Palestine,PS,7/1/2019 12:00:00 AM
Country(CountryCode),206,Portugal,PT,7/1/2019 12:00:00 AM
Country(CountryCode),207,Palau,PW,7/1/2019 12:00:00 AM
Country(CountryCode),208,Paraguay,PY,7/1/2019 12:00:00 AM
Country(CountryCode),209,Qatar,QA,7/1/2019 12:00:00 AM
Country(CountryCode),306,Lake Baikal,QB,6/20/2024 11:34:19 AM
Country(CountryCode),313,Mar Chiquita Lake,QC,6/20/2024 11:34:20 AM
Country(CountryCode),307,African Great Lakes,QG,6/20/2024 11:34:19 AM
Country(CountryCode),314,Nettilling Lake,QL,6/20/2024 11:34:20 AM
Country(CountryCode),300,Lake Michigan,QM,6/20/2024 11:34:19 AM
Country(CountryCode),303,Lake Ontario,QO,6/20/2024 11:34:19 AM
Country(CountryCode),301,Lake Superior,QS,6/20/2024 11:34:19 AM
Country(CountryCode),315,Lake Titicaca,QT,6/20/2024 11:34:20 AM
Country(CountryCode),310,Lake Urmia,QU,6/20/2024 11:34:19 AM
Country(CountryCode),308,Lake Victoria,QV,6/20/2024 11:34:19 AM
Country(CountryCode),319,Lake Athabasca,RA,6/20/2024 11:34:20 AM
Country(CountryCode),309,Lake Balkhash,RB,6/20/2024 11:34:19 AM
Country(CountryCode),210,Reunion,RE,7/1/2019 12:00:00 AM
Country(CountryCode),323,Reindeer Lake,RL,6/20/2024 11:34:20 AM
Country(CountryCode),302,Lake Michigan-Huron,RM,6/20/2024 11:34:19 AM
Country(CountryCode),211,Romania,RO,7/1/2019 12:00:00 AM
Country(CountryCode),212,Serbia,RS,7/1/2019 12:00:00 AM
Country(CountryCode),316,Lake Tanganyika,RT,6/20/2024 11:34:20 AM
Country(CountryCode),213,Russian Federation,RU,7/1/2019 12:00:00 AM
Country(CountryCode),214,Rwanda,RW,7/1/2019 12:00:00 AM
Country(CountryCode),215,Saudi Arabia,SA,7/1/2019 12:00:00 AM
Country(CountryCode),217,Solomon Islands,SB,7/1/2019 12:00:00 AM
Country(CountryCode),218,Seychelles,SC,7/1/2019 12:00:00 AM
Country(CountryCode),219,Sudan,SD,7/1/2019 12:00:00 AM
Country(CountryCode),28,Sweden,SE,5/16/2017 12:00:00 AM
Country(CountryCode),220,Singapore,SG,7/1/2019 12:00:00 AM
Country(CountryCode),221,St. Helena,SH,7/1/2019 12:00:00 AM
Country(CountryCode),222,Slovenia,SI,7/1/2019 12:00:00 AM
Country(CountryCode),223,Svalbard And Jan Mayen Islands,SJ,7/1/2019 12:00:00 AM
Country(CountryCode),224,Slovakia (Slovak Republic),SK,7/1/2019 12:00:00 AM
Country(CountryCode),225,Sierra Leone,SL,7/1/2019 12:00:00 AM
Country(CountryCode),226,San Marino,SM,7/1/2019 12:00:00 AM
Country(CountryCode),227,Senegal,SN,7/1/2019 12:00:00 AM
Country(CountryCode),228,Somalia,SO,7/1/2019 12:00:00 AM
Country(CountryCode),229,Suriname,SR,7/1/2019 12:00:00 AM
Country(CountryCode),216,Scotland,SS,7/1/2019 12:00:00 AM
Country(CountryCode),230,Sao Tome And Principe,ST,7/1/2019 12:00:00 AM
Country(CountryCode),231,Soviet Union,SU,7/1/2019 12:00:00 AM
Country(CountryCode),232,El Salvador,SV,7/1/2019 12:00:00 AM
Country(CountryCode),233,Syrian Arab Republic,SY,7/1/2019 12:00:00 AM
Country(CountryCode),234,Swaziland,SZ,7/1/2019 12:00:00 AM
Country(CountryCode),235,Turks And Caicos Islands,TC,7/1/2019 12:00:00 AM
Country(CountryCode),236,Chad,TD,7/1/2019 12:00:00 AM
Country(CountryCode),237,French Southern Territories,TF,7/1/2019 12:00:00 AM
Country(CountryCode),238,Togo,TG,7/1/2019 12:00:00 AM
Country(CountryCode),18,Thailand,TH,7/27/2009 12:36:14 PM
Country(CountryCode),241,East Timor (new code),TI,7/1/2019 12:00:00 AM
Country(CountryCode),239,Tajikistan,TJ,7/1/2019 12:00:00 AM
Country(CountryCode),240,Tokelau,TK,7/1/2019 12:00:00 AM
Country(CountryCode),242,Turkmenistan,TM,7/1/2019 12:00:00 AM
Country(CountryCode),243,Tunisia,TN,7/1/2019 12:00:00 AM
Country(CountryCode),244,Tonga,TO,7/1/2019 12:00:00 AM
Country(CountryCode),245,East Timor (old code),TP,7/1/2019 12:00:00 AM
Country(CountryCode),246,Turkey,TR,7/1/2019 12:00:00 AM
Country(CountryCode),247,Trinidad And Tobago,TT,7/1/2019 12:00:00 AM
Country(CountryCode),248,Tuvalu,TV,7/1/2019 12:00:00 AM
Country(CountryCode),249,Taiwan,TW,7/1/2019 12:00:00 AM
Country(CountryCode),250,"Tanzania, United Republic Of",TZ,7/1/2019 12:00:00 AM
Country(CountryCode),251,Ukraine,UA,7/1/2019 12:00:00 AM
Country(CountryCode),252,Uganda,UG,7/1/2019 12:00:00 AM
Country(CountryCode),6,United State Minor Outlying Islands,UM,7/27/2009 9:20:09 AM
Country(CountryCode),1,United States,US,7/26/2006 10:57:47 AM
Country(CountryCode),255,Uruguay,UY,7/1/2019 12:00:00 AM
Country(CountryCode),256,Uzbekistan,UZ,7/1/2019 12:00:00 AM
Country(CountryCode),257,Vatican City State (Holy See),VA,7/1/2019 12:00:00 AM
Country(CountryCode),258,Saint Vincent And The Grenadines,VC,7/1/2019 12:00:00 AM
Country(CountryCode),259,Venezuela,VE,7/1/2019 12:00:00 AM
Country(CountryCode),260,Virgin Islands (British),VG,7/1/2019 12:00:00 AM
Country(CountryCode),5,United States Virgin Islands,VI,7/27/2009 9:19:05 AM
Country(CountryCode),262,Vietnam,VN,7/1/2019 12:00:00 AM
Country(CountryCode),263,Vanuatu,VU,7/1/2019 12:00:00 AM
Country(CountryCode),35,Argentine Sea,WA,7/11/2023 12:00:00 AM
Country(CountryCode),264,Wallis And Futuna Islands,WF,7/1/2019 12:00:00 AM
Country(CountryCode),33,Mediterranean Sea,WM,7/15/2023 12:00:00 AM
Country(CountryCode),265,Samoa,WS,7/1/2019 12:00:00 AM
Country(CountryCode),266,Yemen,YE,7/1/2019 12:00:00 AM
Country(CountryCode),267,Mayotte,YT,7/1/2019 12:00:00 AM
Country(CountryCode),268,South Africa,ZA,7/1/2019 12:00:00 AM
Country(CountryCode),36,Baltic Sea,ZB,7/11/2023 12:00:00 AM
Country(CountryCode),16,Caribbean Sea,ZC,7/27/2023 12:00:00 AM
Country(CountryCode),10,Irminger Sea,ZG,7/11/2023 12:00:00 AM
Country(CountryCode),37,Chilean Sea,ZH,7/11/2023 12:00:00 AM
Country(CountryCode),34,Irish Sea,ZI,7/11/2023 12:00:00 AM
Country(CountryCode),39,Black Sea,ZK,7/11/2023 12:00:00 AM
Country(CountryCode),9,Labrador Sea,ZL,7/11/2023 12:00:00 AM
Country(CountryCode),269,Zambia,ZM,7/1/2019 12:00:00 AM
Country(CountryCode),253,Arabian Sea,ZN,7/11/2023 12:00:00 AM
Country(CountryCode),8,Red Sea,ZR,7/11/2023 12:00:00 AM
Country(CountryCode),38,Salish Sea,ZS,7/11/2023 12:00:00 AM
Country(CountryCode),254,Timor Sea,ZT,7/11/2023 12:00:00 AM
Country(CountryCode),270,Zimbabwe,ZW,7/1/2019 12:00:00 AM

